{
  "delta_v": -0.13569288519056183,
  "cost": 0.019590958651793146,
  "slippage": 0.019590958651793146,
  "sharpe": -8.341350873278222,
  "reward": -8.516225675772368,
  "total_return": -0.17487480249414855,
  "risk_lambda": 1.0
}