{
  "seeds": [
    42,
    1,
    7,
    13,
    100
  ],
  "episodes": 300,
  "per_seed": {
    "42": {
      "total_return": -0.17487480249414855,
      "benchmark_return": -0.16471637116946491,
      "sharpe_ratio": -1.6582807095679633,
      "max_drawdown": 0.19407231679548057,
      "win_rate": 0.2,
      "num_trades": 21
    },
    "1": {
      "total_return": -0.025405291730080548,
      "benchmark_return": -0.16471637116946491,
      "sharpe_ratio": -0.02350962751070437,
      "max_drawdown": 0.15037876861424582,
      "win_rate": 0.5,
      "num_trades": 8
    },
    "7": {
      "total_return": -0.11465056440946186,
      "benchmark_return": -0.16471637116946491,
      "sharpe_ratio": -0.7850422510086082,
      "max_drawdown": 0.1713458803314847,
      "win_rate": 0.14285714285714285,
      "num_trades": 15
    },
    "13": {
      "total_return": -0.09719375298988941,
      "benchmark_return": -0.16471637116946491,
      "sharpe_ratio": -0.8223430424622541,
      "max_drawdown": 0.21905389632965425,
      "win_rate": 0.3333333333333333,
      "num_trades": 18
    },
    "100": {
      "total_return": -0.24678101913522654,
      "benchmark_return": -0.16471637116946491,
      "sharpe_ratio": -2.806425959290037,
      "max_drawdown": 0.26482901141910614,
      "win_rate": 0.36363636363636365,
      "num_trades": 22
    }
  },
  "summary": {
    "total_return": {
      "mean": -0.13178108615176137,
      "std": 0.0746827972208554,
      "min": -0.24678101913522654,
      "max": -0.025405291730080548
    },
    "sharpe_ratio": {
      "mean": -1.2191203179679133,
      "std": 0.9473903045980292,
      "min": -2.806425959290037,
      "max": -0.02350962751070437
    }
  }
}